"""Exploding Kittens"" Blows Up Kickstarter Records",http://rss.slashdot.org/~r/Slashdot/slashdot/~3/ZDyKiKZXxsM/story01.htm,"The Register reports that the crowdfunded Exploding Kittens card game from Oatmeal (and Tesla museum fund-raiser) Matthew Inman, along with X-box veterans Elan Lee and Shane Small, has become the highest-grossing game project yet on Kickstarter. After an intensive fundraising campaign, the trio collected $8.78m from 219,382 backers to launch the game. This breaks the record for the largest ever Kickstarter game project, previously held by hackable Android gaming console Ouya. According to the blurb on Exploding Kittens' (now closed) Kickstarter page, players ""take turns drawing cards until someone draws an exploding kitten and loses the game.""<p><div class=""share_submission"" style=""position:relative;""> <a class=""slashpop"" href=""http://twitter.com/home?status=%22Exploding+Kittens%22+Blows+Up+Kickstarter+Records%3A+http%3A%2F%2Fbit.ly%2F17JlBo1""><img src=""http://a.fsdn.com/sd/twitter_icon_large.png""></a> <a class=""slashpop"" href=""http://www.facebook.com/sharer.php?u=http%3A%2F%2Fgames.slashdot.org%2Fstory%2F15%2F02%2F22%2F1752252%2Fexploding-kittens-blows-up-kickstarter-records%3Futm_source%3Dslashdot%26utm_medium%3Dfacebook""><img src=""http://a.fsdn.com/sd/facebook_icon_large.png""></a> <a class=""nobg"" href=""http://plus.google.com/share?url=http://games.slashdot.org/story/15/02/22/1752252/exploding-kittens-blows-up-kickstarter-records?utm_source=slashdot&amp;utm_medium=googleplus"" onclick=""javascript:window.open(this.href,'', 'menubar=no,toolbar=no,resizable=yes,scrollbars=yes,height=600,width=600');return false;""><img src=""http://www.gstatic.com/images/icons/gplus-16.png"" alt=""Share on Google+""/></a> </div></p><p><a href=""http://games.slashdot.org/story/15/02/22/1752252/exploding-kittens-blows-up-kickstarter-records?utm_source=rss1.0moreanon&amp;utm_medium=feed"">Read more of this story</a> at Slashdot.</p><iframe src=""http://slashdot.org/slashdot-it.pl?op=discuss&amp;id=7000871&amp;smallembed=1"" style=""height: 300px; width: 100%; border: none;""></iframe><img width='1' height='1' src='http://slashdot.feedsportal.com/c/35028/f/647410/s/43ac98fc/sc/21/mf.gif' border='0'/><br clear='all'/><br/><br/><a href=""http://da.feedsportal.com/r/222166438928/u/49/f/647410/c/35028/s/43ac98fc/sc/21/rc/1/rc.htm"" rel=""nofollow""><img src=""http://da.feedsportal.com/r/222166438928/u/49/f/647410/c/35028/s/43ac98fc/sc/21/rc/1/rc.img"" border=""0""/></a><br/><a href=""http://da.feedsportal.com/r/222166438928/u/49/f/647410/c/35028/s/43ac98fc/sc/21/rc/2/rc.htm"" rel=""nofollow""><img src=""http://da.feedsportal.com/r/222166438928/u/49/f/647410/c/35028/s/43ac98fc/sc/21/rc/2/rc.img"" border=""0""/></a><br/><a href=""http://da.feedsportal.com/r/222166438928/u/49/f/647410/c/35028/s/43ac98fc/sc/21/rc/3/rc.htm"" rel=""nofollow""><img src=""http://da.feedsportal.com/r/222166438928/u/49/f/647410/c/35028/s/43ac98fc/sc/21/rc/3/rc.img"" border=""0""/></a><br/><br/><a href=""http://da.feedsportal.com/r/222166438928/u/49/f/647410/c/35028/s/43ac98fc/sc/21/a2.htm""><img src=""http://da.feedsportal.com/r/222166438928/u/49/f/647410/c/35028/s/43ac98fc/sc/21/a2.img"" border=""0""/></a><img width=""1"" height=""1"" src=""http://pi.feedsportal.com/r/222166438928/u/49/f/647410/c/35028/s/43ac98fc/sc/21/a2t.img"" border=""0""/><img src=""//feeds.feedburner.com/~r/Slashdot/slashdot/~4/ZDyKiKZXxsM"" height=""1"" width=""1"" alt=""""/>"
Al-Shabaab Video Threat Means Heightened Security at Mall of America,http://rss.slashdot.org/~r/Slashdot/slashdot/~3/0vLCneRv4TM/story01.htm,"Reuters and other news outlets carry the news that the Minnesota's gigantic Mall of America is under heightened security after a video threat posted online by terrorist group Al-Shabaab. Also at CNN and CBS News. According to Reuters' version of the story: The U.S. homeland security chief said on Sunday he takes seriously a threat made by Somali-based Islamist militants against shopping malls, including the Mall of America in Minnesota, and urged people going there to be careful. Homeland Security Secretary Jeh Johnson was reacting to a video released by al Shabaab appearing to call for attacks on Western shopping areas, specifically mentioning Mall of America, the West Edmonton Mall in Canada and London's Oxford Street. ... Mall officials issued a statement about the threat made by the group, saying they are monitoring events with the help of federal, state and local law enforcement agencies. ""Mall of America has implemented extra security precautions, some may be noticeable to guests, and others won&rsquo;t be,"" the officials said.<p><div class=""share_submission"" style=""position:relative;""> <a class=""slashpop"" href=""http://twitter.com/home?status=Al-Shabaab+Video+Threat+Means+Heightened+Security+at+Mall+of+America%3A+http%3A%2F%2Fbit.ly%2F1D7qHG3""><img src=""http://a.fsdn.com/sd/twitter_icon_large.png""></a> <a class=""slashpop"" href=""http://www.facebook.com/sharer.php?u=http%3A%2F%2Fyro.slashdot.org%2Fstory%2F15%2F02%2F22%2F1540240%2Fal-shabaab-video-threat-means-heightened-security-at-mall-of-america%3Futm_source%3Dslashdot%26utm_medium%3Dfacebook""><img src=""http://a.fsdn.com/sd/facebook_icon_large.png""></a> <a class=""nobg"" href=""http://plus.google.com/share?url=http://yro.slashdot.org/story/15/02/22/1540240/al-shabaab-video-threat-means-heightened-security-at-mall-of-america?utm_source=slashdot&amp;utm_medium=googleplus"" onclick=""javascript:window.open(this.href,'', 'menubar=no,toolbar=no,resizable=yes,scrollbars=yes,height=600,width=600');return false;""><img src=""http://www.gstatic.com/images/icons/gplus-16.png"" alt=""Share on Google+""/></a> </div></p><p><a href=""http://yro.slashdot.org/story/15/02/22/1540240/al-shabaab-video-threat-means-heightened-security-at-mall-of-america?utm_source=rss1.0moreanon&amp;utm_medium=feed"">Read more of this story</a> at Slashdot.</p><iframe src=""http://slashdot.org/slashdot-it.pl?op=discuss&amp;id=7000615&amp;smallembed=1"" style=""height: 300px; width: 100%; border: none;""></iframe><img width='1' height='1' src='http://slashdot.feedsportal.com/c/35028/f/647410/s/43abfe24/sc/7/mf.gif' border='0'/><br clear='all'/><br/><br/><a href=""http://da.feedsportal.com/r/222166436707/u/49/f/647410/c/35028/s/43abfe24/sc/7/rc/1/rc.htm"" rel=""nofollow""><img src=""http://da.feedsportal.com/r/222166436707/u/49/f/647410/c/35028/s/43abfe24/sc/7/rc/1/rc.img"" border=""0""/></a><br/><a href=""http://da.feedsportal.com/r/222166436707/u/49/f/647410/c/35028/s/43abfe24/sc/7/rc/2/rc.htm"" rel=""nofollow""><img src=""http://da.feedsportal.com/r/222166436707/u/49/f/647410/c/35028/s/43abfe24/sc/7/rc/2/rc.img"" border=""0""/></a><br/><a href=""http://da.feedsportal.com/r/222166436707/u/49/f/647410/c/35028/s/43abfe24/sc/7/rc/3/rc.htm"" rel=""nofollow""><img src=""http://da.feedsportal.com/r/222166436707/u/49/f/647410/c/35028/s/43abfe24/sc/7/rc/3/rc.img"" border=""0""/></a><br/><br/><a href=""http://da.feedsportal.com/r/222166436707/u/49/f/647410/c/35028/s/43abfe24/sc/7/a2.htm""><img src=""http://da.feedsportal.com/r/222166436707/u/49/f/647410/c/35028/s/43abfe24/sc/7/a2.img"" border=""0""/></a><img width=""1"" height=""1"" src=""http://pi.feedsportal.com/r/222166436707/u/49/f/647410/c/35028/s/43abfe24/sc/7/a2t.img"" border=""0""/><img src=""//feeds.feedburner.com/~r/Slashdot/slashdot/~4/0vLCneRv4TM"" height=""1"" width=""1"" alt=""""/>"
An Evidence-Based Approach To Online Dating,http://rss.slashdot.org/~r/Slashdot/slashdot/~3/KTOn4yI72Xg/story01.htm,"HughPickens.com writes Rachel Nuwer writes in the NYT that Dr. Sameer Chaudhry's online dating persona was garnering no response from the women he reached out to so he synthesized 86 literature studies on the subject of online dating in the fields of psychology, sociology, and computer, behavioral, and neurocognitive sciences.in hopes of improving his odds. As it turns out, success begins with picking a user name. While men are drawn to names linked to physical traits (e.g., Cutie), the researchers found, women prefer ones that indicate intelligence (e.g., Cultured). Both sexes respond well to playful names (e.g. Fun2bwith) and shy away from ones with negative connotations (e.g., Bugg). User names that begin with letters from the first half of the alphabet do better than those from the latter half. ""As human beings, we have a tendency to give things at the top of a pile more value,"" says Khan. As for your profile photo, pick a photo with a genuine smile, one that crinkles the eyes, and with a slight head tilt (it's linked to attractiveness). And if you're looking for a male partner, go for that photo of you in siren red&mdash;a color that enhances men's attraction to women. ""For those attracted to browse into the profile, a description of personal traits increased likeability when it: showed who the dater was and what they were looking for in a 70:30 ratio; stayed close to reality; and employed simple language with humor added. Invitations were most successful in obtaining a response from the potential date when they: were short personalized messages addressing a trait in their profile; rhymed with their screen name or headline message; and extended genuine compliments."" And finally, don't wait too long before arranging a face to face meeting.<p><div class=""share_submission"" style=""position:relative;""> <a class=""slashpop"" href=""http://twitter.com/home?status=An+Evidence-Based+Approach+To+Online+Dating%3A+http%3A%2F%2Fbit.ly%2F1Fe5ABz""><img src=""http://a.fsdn.com/sd/twitter_icon_large.png""></a> <a class=""slashpop"" href=""http://www.facebook.com/sharer.php?u=http%3A%2F%2Ftech.slashdot.org%2Fstory%2F15%2F02%2F22%2F0116219%2Fan-evidence-based-approach-to-online-dating%3Futm_source%3Dslashdot%26utm_medium%3Dfacebook""><img src=""http://a.fsdn.com/sd/facebook_icon_large.png""></a> <a class=""nobg"" href=""http://plus.google.com/share?url=http://tech.slashdot.org/story/15/02/22/0116219/an-evidence-based-approach-to-online-dating?utm_source=slashdot&amp;utm_medium=googleplus"" onclick=""javascript:window.open(this.href,'', 'menubar=no,toolbar=no,resizable=yes,scrollbars=yes,height=600,width=600');return false;""><img src=""http://www.gstatic.com/images/icons/gplus-16.png"" alt=""Share on Google+""/></a> </div></p><p><a href=""http://tech.slashdot.org/story/15/02/22/0116219/an-evidence-based-approach-to-online-dating?utm_source=rss1.0moreanon&amp;utm_medium=feed"">Read more of this story</a> at Slashdot.</p><iframe src=""http://slashdot.org/slashdot-it.pl?op=discuss&amp;id=6999527&amp;smallembed=1"" style=""height: 300px; width: 100%; border: none;""></iframe><img width='1' height='1' src='http://slashdot.feedsportal.com/c/35028/f/647410/s/43ab17d9/sc/8/mf.gif' border='0'/><br clear='all'/><br/><br/><a href=""http://da.feedsportal.com/r/222166397264/u/49/f/647410/c/35028/s/43ab17d9/sc/8/rc/1/rc.htm"" rel=""nofollow""><img src=""http://da.feedsportal.com/r/222166397264/u/49/f/647410/c/35028/s/43ab17d9/sc/8/rc/1/rc.img"" border=""0""/></a><br/><a href=""http://da.feedsportal.com/r/222166397264/u/49/f/647410/c/35028/s/43ab17d9/sc/8/rc/2/rc.htm"" rel=""nofollow""><img src=""http://da.feedsportal.com/r/222166397264/u/49/f/647410/c/35028/s/43ab17d9/sc/8/rc/2/rc.img"" border=""0""/></a><br/><a href=""http://da.feedsportal.com/r/222166397264/u/49/f/647410/c/35028/s/43ab17d9/sc/8/rc/3/rc.htm"" rel=""nofollow""><img src=""http://da.feedsportal.com/r/222166397264/u/49/f/647410/c/35028/s/43ab17d9/sc/8/rc/3/rc.img"" border=""0""/></a><br/><br/><a href=""http://da.feedsportal.com/r/222166397264/u/49/f/647410/c/35028/s/43ab17d9/sc/8/a2.htm""><img src=""http://da.feedsportal.com/r/222166397264/u/49/f/647410/c/35028/s/43ab17d9/sc/8/a2.img"" border=""0""/></a><img width=""1"" height=""1"" src=""http://pi.feedsportal.com/r/222166397264/u/49/f/647410/c/35028/s/43ab17d9/sc/8/a2t.img"" border=""0""/><img src=""//feeds.feedburner.com/~r/Slashdot/slashdot/~4/KTOn4yI72Xg"" height=""1"" width=""1"" alt=""""/>"
Antitrust Case Against Google Thrown Out of SF Court,http://rss.slashdot.org/~r/Slashdot/slashdot/~3/ea39prWeDuE/story01.htm,"Mark Wilson (3799011) writes ""Just a few days ago Google was threatened with legal action for anti-competitive behavior in Russia. While we don't yet know if that will amount to anything, there has been some better news for the search giant in the US. A San Francisco judge dismissed a case brought against the firm by two men who thought the inclusion of Google services in Android pushed up the prices of their handsets.""<p><div class=""share_submission"" style=""position:relative;""> <a class=""slashpop"" href=""http://twitter.com/home?status=Antitrust+Case+Against+Google+Thrown+Out+of+SF+Court%3A+http%3A%2F%2Fbit.ly%2F1DIUKVB""><img src=""http://a.fsdn.com/sd/twitter_icon_large.png""></a> <a class=""slashpop"" href=""http://www.facebook.com/sharer.php?u=http%3A%2F%2Ftech.slashdot.org%2Fstory%2F15%2F02%2F21%2F1916211%2Fantitrust-case-against-google-thrown-out-of-sf-court%3Futm_source%3Dslashdot%26utm_medium%3Dfacebook""><img src=""http://a.fsdn.com/sd/facebook_icon_large.png""></a> <a class=""nobg"" href=""http://plus.google.com/share?url=http://tech.slashdot.org/story/15/02/21/1916211/antitrust-case-against-google-thrown-out-of-sf-court?utm_source=slashdot&amp;utm_medium=googleplus"" onclick=""javascript:window.open(this.href,'', 'menubar=no,toolbar=no,resizable=yes,scrollbars=yes,height=600,width=600');return false;""><img src=""http://www.gstatic.com/images/icons/gplus-16.png"" alt=""Share on Google+""/></a> </div></p><p><a href=""http://tech.slashdot.org/story/15/02/21/1916211/antitrust-case-against-google-thrown-out-of-sf-court?utm_source=rss1.0moreanon&amp;utm_medium=feed"">Read more of this story</a> at Slashdot.</p><iframe src=""http://slashdot.org/slashdot-it.pl?op=discuss&amp;id=6999071&amp;smallembed=1"" style=""height: 300px; width: 100%; border: none;""></iframe><img width='1' height='1' src='http://slashdot.feedsportal.com/c/35028/f/647410/s/43a7878a/sc/21/mf.gif' border='0'/><br clear='all'/><br/><br/><a href=""http://da.feedsportal.com/r/222160607185/u/49/f/647410/c/35028/s/43a7878a/sc/21/rc/1/rc.htm"" rel=""nofollow""><img src=""http://da.feedsportal.com/r/222160607185/u/49/f/647410/c/35028/s/43a7878a/sc/21/rc/1/rc.img"" border=""0""/></a><br/><a href=""http://da.feedsportal.com/r/222160607185/u/49/f/647410/c/35028/s/43a7878a/sc/21/rc/2/rc.htm"" rel=""nofollow""><img src=""http://da.feedsportal.com/r/222160607185/u/49/f/647410/c/35028/s/43a7878a/sc/21/rc/2/rc.img"" border=""0""/></a><br/><a href=""http://da.feedsportal.com/r/222160607185/u/49/f/647410/c/35028/s/43a7878a/sc/21/rc/3/rc.htm"" rel=""nofollow""><img src=""http://da.feedsportal.com/r/222160607185/u/49/f/647410/c/35028/s/43a7878a/sc/21/rc/3/rc.img"" border=""0""/></a><br/><br/><a href=""http://da.feedsportal.com/r/222160607185/u/49/f/647410/c/35028/s/43a7878a/sc/21/a2.htm""><img src=""http://da.feedsportal.com/r/222160607185/u/49/f/647410/c/35028/s/43a7878a/sc/21/a2.img"" border=""0""/></a><img width=""1"" height=""1"" src=""http://pi.feedsportal.com/r/222160607185/u/49/f/647410/c/35028/s/43a7878a/sc/21/a2t.img"" border=""0""/><img src=""//feeds.feedburner.com/~r/Slashdot/slashdot/~4/ea39prWeDuE"" height=""1"" width=""1"" alt=""""/>"
Apple Will Let Users Test iOS Beta Versions For the First Time,http://rss.slashdot.org/~r/Slashdot/slashdot/~3/xaig_SnUJnc/story01.htm,"9to5 Mac reports that In an effort to eliminate bugs from upcoming iOS versions ahead of their general releases, Apple plans to launch the first-ever public beta program for the iOS operating system, according to multiple people briefed on the plans. Following the successful launch of the OS X Public Beta program with OS X Yosemite last year, Apple intends to release the upcoming iOS 8.3 as a public beta via the company&rsquo;s existing AppleSeed program in mid-March, according to the sources. The article goes on to say Like the early iOS 8 developers builds, the public betas will include a dedicated app that allows users to report bugs to Apple. The main goal of the iOS beta program will be a more reliable and widely tested operating system by the time of the wider consumer launch, as Apple has come under fire for lack of quality control in iOS 8. Launching public beta versions of iOS will also reduce the demand for unauthorized sales of beta downloads from developer accounts, which enabled some consumers to test-drive future iOS features.<p><div class=""share_submission"" style=""position:relative;""> <a class=""slashpop"" href=""http://twitter.com/home?status=Apple+Will+Let+Users+Test+iOS+Beta+Versions+For+the+First+Time%3A+http%3A%2F%2Fbit.ly%2F1LqHess""><img src=""http://a.fsdn.com/sd/twitter_icon_large.png""></a> <a class=""slashpop"" href=""http://www.facebook.com/sharer.php?u=http%3A%2F%2Fapple.slashdot.org%2Fstory%2F15%2F02%2F21%2F1817237%2Fapple-will-let-users-test-ios-beta-versions-for-the-first-time%3Futm_source%3Dslashdot%26utm_medium%3Dfacebook""><img src=""http://a.fsdn.com/sd/facebook_icon_large.png""></a> <a class=""nobg"" href=""http://plus.google.com/share?url=http://apple.slashdot.org/story/15/02/21/1817237/apple-will-let-users-test-ios-beta-versions-for-the-first-time?utm_source=slashdot&amp;utm_medium=googleplus"" onclick=""javascript:window.open(this.href,'', 'menubar=no,toolbar=no,resizable=yes,scrollbars=yes,height=600,width=600');return false;""><img src=""http://www.gstatic.com/images/icons/gplus-16.png"" alt=""Share on Google+""/></a> </div></p><p><a href=""http://apple.slashdot.org/story/15/02/21/1817237/apple-will-let-users-test-ios-beta-versions-for-the-first-time?utm_source=rss1.0moreanon&amp;utm_medium=feed"">Read more of this story</a> at Slashdot.</p><iframe src=""http://slashdot.org/slashdot-it.pl?op=discuss&amp;id=6998961&amp;smallembed=1"" style=""height: 300px; width: 100%; border: none;""></iframe><img width='1' height='1' src='http://slashdot.feedsportal.com/c/35028/f/647410/s/43a630b4/sc/5/mf.gif' border='0'/><br clear='all'/><br/><br/><a href=""http://da.feedsportal.com/r/218612096323/u/49/f/647410/c/35028/s/43a630b4/sc/5/rc/1/rc.htm"" rel=""nofollow""><img src=""http://da.feedsportal.com/r/218612096323/u/49/f/647410/c/35028/s/43a630b4/sc/5/rc/1/rc.img"" border=""0""/></a><br/><a href=""http://da.feedsportal.com/r/218612096323/u/49/f/647410/c/35028/s/43a630b4/sc/5/rc/2/rc.htm"" rel=""nofollow""><img src=""http://da.feedsportal.com/r/218612096323/u/49/f/647410/c/35028/s/43a630b4/sc/5/rc/2/rc.img"" border=""0""/></a><br/><a href=""http://da.feedsportal.com/r/218612096323/u/49/f/647410/c/35028/s/43a630b4/sc/5/rc/3/rc.htm"" rel=""nofollow""><img src=""http://da.feedsportal.com/r/218612096323/u/49/f/647410/c/35028/s/43a630b4/sc/5/rc/3/rc.img"" border=""0""/></a><br/><br/><a href=""http://da.feedsportal.com/r/218612096323/u/49/f/647410/c/35028/s/43a630b4/sc/5/a2.htm""><img src=""http://da.feedsportal.com/r/218612096323/u/49/f/647410/c/35028/s/43a630b4/sc/5/a2.img"" border=""0""/></a><img width=""1"" height=""1"" src=""http://pi.feedsportal.com/r/218612096323/u/49/f/647410/c/35028/s/43a630b4/sc/5/a2t.img"" border=""0""/><img src=""//feeds.feedburner.com/~r/Slashdot/slashdot/~4/xaig_SnUJnc"" height=""1"" width=""1"" alt=""""/>"
Ars: SSL-Busting Code That Threatened Lenovo Users Found In a Dozen More Apps,http://rss.slashdot.org/~r/Slashdot/slashdot/~3/Qwb04EVZM1Y/story01.htm,"Ars Technica reports on the continuing revelations about the same junkware that Lenovo has shipped on their computers, but which is known now to be present in at least 14 pieces of software. The list of software known to use the same HTTPS-breaking technology recently found preinstalled on Lenovo laptops has risen dramatically with the discovery of at least 12 new titles, including one that's categorized as a malicious trojan by a major antivirus provider. ... What all these applications have in common is that they make people less secure through their use of an easily obtained root CA [certificate authority], they provide little information about the risks of the technology, and in some cases they are difficult to remove,"" Matt Richard, a threats researcher on the Facebook security team, wrote in Friday's post. ""Furthermore, it is likely that these intercepting SSL proxies won't keep up with the HTTPS features in browsers (e.g., certificate pinning and forward secrecy), meaning they could potentially expose private data to network attackers. Some of these deficiencies can be detected by antivirus products as malware or adware, though from our research, detection successes are sporadic.""<p><div class=""share_submission"" style=""position:relative;""> <a class=""slashpop"" href=""http://twitter.com/home?status=Ars%3A+SSL-Busting+Code+That+Threatened+Lenovo+Users+Found+In+a+Dozen+More+Apps%3A+http%3A%2F%2Fbit.ly%2F1EkxBtn""><img src=""http://a.fsdn.com/sd/twitter_icon_large.png""></a> <a class=""slashpop"" href=""http://www.facebook.com/sharer.php?u=http%3A%2F%2Fit.slashdot.org%2Fstory%2F15%2F02%2F22%2F2236231%2Fars-ssl-busting-code-that-threatened-lenovo-users-found-in-a-dozen-more-apps%3Futm_source%3Dslashdot%26utm_medium%3Dfacebook""><img src=""http://a.fsdn.com/sd/facebook_icon_large.png""></a> <a class=""nobg"" href=""http://plus.google.com/share?url=http://it.slashdot.org/story/15/02/22/2236231/ars-ssl-busting-code-that-threatened-lenovo-users-found-in-a-dozen-more-apps?utm_source=slashdot&amp;utm_medium=googleplus"" onclick=""javascript:window.open(this.href,'', 'menubar=no,toolbar=no,resizable=yes,scrollbars=yes,height=600,width=600');return false;""><img src=""http://www.gstatic.com/images/icons/gplus-16.png"" alt=""Share on Google+""/></a> </div></p><p><a href=""http://it.slashdot.org/story/15/02/22/2236231/ars-ssl-busting-code-that-threatened-lenovo-users-found-in-a-dozen-more-apps?utm_source=rss1.0moreanon&amp;utm_medium=feed"">Read more of this story</a> at Slashdot.</p><iframe src=""http://slashdot.org/slashdot-it.pl?op=discuss&amp;id=7001227&amp;smallembed=1"" style=""height: 300px; width: 100%; border: none;""></iframe><img width='1' height='1' src='http://slashdot.feedsportal.com/c/35028/f/647410/s/43adaa5c/sc/4/mf.gif' border='0'/><br clear='all'/><br/><br/><a href=""http://da.feedsportal.com/r/222166402596/u/49/f/647410/c/35028/s/43adaa5c/sc/4/rc/1/rc.htm"" rel=""nofollow""><img src=""http://da.feedsportal.com/r/222166402596/u/49/f/647410/c/35028/s/43adaa5c/sc/4/rc/1/rc.img"" border=""0""/></a><br/><a href=""http://da.feedsportal.com/r/222166402596/u/49/f/647410/c/35028/s/43adaa5c/sc/4/rc/2/rc.htm"" rel=""nofollow""><img src=""http://da.feedsportal.com/r/222166402596/u/49/f/647410/c/35028/s/43adaa5c/sc/4/rc/2/rc.img"" border=""0""/></a><br/><a href=""http://da.feedsportal.com/r/222166402596/u/49/f/647410/c/35028/s/43adaa5c/sc/4/rc/3/rc.htm"" rel=""nofollow""><img src=""http://da.feedsportal.com/r/222166402596/u/49/f/647410/c/35028/s/43adaa5c/sc/4/rc/3/rc.img"" border=""0""/></a><br/><br/><a href=""http://da.feedsportal.com/r/222166402596/u/49/f/647410/c/35028/s/43adaa5c/sc/4/a2.htm""><img src=""http://da.feedsportal.com/r/222166402596/u/49/f/647410/c/35028/s/43adaa5c/sc/4/a2.img"" border=""0""/></a><img width=""1"" height=""1"" src=""http://pi.feedsportal.com/r/222166402596/u/49/f/647410/c/35028/s/43adaa5c/sc/4/a2t.img"" border=""0""/><img src=""//feeds.feedburner.com/~r/Slashdot/slashdot/~4/Qwb04EVZM1Y"" height=""1"" width=""1"" alt=""""/>"
Ask Slashdot: Parental Content Control For Free OSs?,http://rss.slashdot.org/~r/Slashdot/slashdot/~3/j4MtTXwV_5A/story01.htm,"m.alessandrini writes Children grow up, and inevitably they will start using internet and social networks, both for educational and recreational purposes. And it won't take long to them to learn to be autonomous, especially with all the smartphones and tablets around and your limited time. Unlike the years of my youth, when internet started to enter our lives gradually, now I'm afraid of the amount of inappropriate contents a child can be exposed to unprepared: porn, scammers, cyberbullies or worse, are just a click away. For Windows many solutions claim to exist, usually in form of massive antivirus suites. What about GNU/Linux? Or Android? Several solutions rely on setting up a proxy with a whitelist of sites, or similar, but I'm afraid this approach can make internet unusable, or otherwise be easy to bypass. Have you any experiences or suggestions? Do you think software solutions are only a part of the solution, provided children can learn hacking tricks better than us, and if so, what other 'human' techniques are most effective?<p><div class=""share_submission"" style=""position:relative;""> <a class=""slashpop"" href=""http://twitter.com/home?status=Ask+Slashdot%3A+Parental+Content+Control+For+Free+OSs%3F%3A+http%3A%2F%2Fbit.ly%2F17nbSnB""><img src=""http://a.fsdn.com/sd/twitter_icon_large.png""></a> <a class=""slashpop"" href=""http://www.facebook.com/sharer.php?u=http%3A%2F%2Fask.slashdot.org%2Fstory%2F15%2F02%2F22%2F0150209%2Fask-slashdot-parental-content-control-for-free-oss%3Futm_source%3Dslashdot%26utm_medium%3Dfacebook""><img src=""http://a.fsdn.com/sd/facebook_icon_large.png""></a> <a class=""nobg"" href=""http://plus.google.com/share?url=http://ask.slashdot.org/story/15/02/22/0150209/ask-slashdot-parental-content-control-for-free-oss?utm_source=slashdot&amp;utm_medium=googleplus"" onclick=""javascript:window.open(this.href,'', 'menubar=no,toolbar=no,resizable=yes,scrollbars=yes,height=600,width=600');return false;""><img src=""http://www.gstatic.com/images/icons/gplus-16.png"" alt=""Share on Google+""/></a> </div></p><p><a href=""http://ask.slashdot.org/story/15/02/22/0150209/ask-slashdot-parental-content-control-for-free-oss?utm_source=rss1.0moreanon&amp;utm_medium=feed"">Read more of this story</a> at Slashdot.</p><iframe src=""http://slashdot.org/slashdot-it.pl?op=discuss&amp;id=6999567&amp;smallembed=1"" style=""height: 300px; width: 100%; border: none;""></iframe><img width='1' height='1' src='http://slashdot.feedsportal.com/c/35028/f/647410/s/43aa6a3f/sc/4/mf.gif' border='0'/><br clear='all'/><br/><br/><a href=""http://da.feedsportal.com/r/222166394863/u/49/f/647410/c/35028/s/43aa6a3f/sc/4/rc/1/rc.htm"" rel=""nofollow""><img src=""http://da.feedsportal.com/r/222166394863/u/49/f/647410/c/35028/s/43aa6a3f/sc/4/rc/1/rc.img"" border=""0""/></a><br/><a href=""http://da.feedsportal.com/r/222166394863/u/49/f/647410/c/35028/s/43aa6a3f/sc/4/rc/2/rc.htm"" rel=""nofollow""><img src=""http://da.feedsportal.com/r/222166394863/u/49/f/647410/c/35028/s/43aa6a3f/sc/4/rc/2/rc.img"" border=""0""/></a><br/><a href=""http://da.feedsportal.com/r/222166394863/u/49/f/647410/c/35028/s/43aa6a3f/sc/4/rc/3/rc.htm"" rel=""nofollow""><img src=""http://da.feedsportal.com/r/222166394863/u/49/f/647410/c/35028/s/43aa6a3f/sc/4/rc/3/rc.img"" border=""0""/></a><br/><br/><a href=""http://da.feedsportal.com/r/222166394863/u/49/f/647410/c/35028/s/43aa6a3f/sc/4/a2.htm""><img src=""http://da.feedsportal.com/r/222166394863/u/49/f/647410/c/35028/s/43aa6a3f/sc/4/a2.img"" border=""0""/></a><img width=""1"" height=""1"" src=""http://pi.feedsportal.com/r/222166394863/u/49/f/647410/c/35028/s/43aa6a3f/sc/4/a2t.img"" border=""0""/><img src=""//feeds.feedburner.com/~r/Slashdot/slashdot/~4/j4MtTXwV_5A"" height=""1"" width=""1"" alt=""""/>"
Chicago's Red Light Cameras Now a Point of Contention for Mayoral Candidates,http://rss.slashdot.org/~r/Slashdot/slashdot/~3/S3oAPg079Mw/story01.htm,"The same system of red-light cameras in Chicago that was shown last year to have been generating bogus tickets is still around -- but now, reports Reuters, it's a political punching bag for opponents of Chicago mayor Rahm Emanuel in an upcoming election. ""[Emanuel], who supports the nation's largest automated camera system, is polling slightly under the 50 percent plus one vote he needs to avoid a run-off against the second-highest vote-getter. Three of the four challengers seeking to topple Emanuel say the cameras should go. Emanuel's closest rival, Cook County Commissioner Jesus ""Chuy"" Garcia, who is polling at about 20 percent, said he would only keep cameras that have been proven to reduce accidents. .... Chicago has red-light cameras at 174 intersections and 144 speed cameras near schools and parks around the city. They have brought in $500 million since 2003, according to media reports, a figure Chicago has neither confirmed nor disputed.<p><div class=""share_submission"" style=""position:relative;""> <a class=""slashpop"" href=""http://twitter.com/home?status=Chicago's+Red+Light+Cameras+Now+a+Point+of+Contention+for+Mayoral+Candidates%3A+http%3A%2F%2Fbit.ly%2F1ByDenT""><img src=""http://a.fsdn.com/sd/twitter_icon_large.png""></a> <a class=""slashpop"" href=""http://www.facebook.com/sharer.php?u=http%3A%2F%2Fpolitics.slashdot.org%2Fstory%2F15%2F02%2F21%2F2015217%2Fchicagos-red-light-cameras-now-a-point-of-contention-for-mayoral-candidates%3Futm_source%3Dslashdot%26utm_medium%3Dfacebook""><img src=""http://a.fsdn.com/sd/facebook_icon_large.png""></a> <a class=""nobg"" href=""http://plus.google.com/share?url=http://politics.slashdot.org/story/15/02/21/2015217/chicagos-red-light-cameras-now-a-point-of-contention-for-mayoral-candidates?utm_source=slashdot&amp;utm_medium=googleplus"" onclick=""javascript:window.open(this.href,'', 'menubar=no,toolbar=no,resizable=yes,scrollbars=yes,height=600,width=600');return false;""><img src=""http://www.gstatic.com/images/icons/gplus-16.png"" alt=""Share on Google+""/></a> </div></p><p><a href=""http://politics.slashdot.org/story/15/02/21/2015217/chicagos-red-light-cameras-now-a-point-of-contention-for-mayoral-candidates?utm_source=rss1.0moreanon&amp;utm_medium=feed"">Read more of this story</a> at Slashdot.</p><iframe src=""http://slashdot.org/slashdot-it.pl?op=discuss&amp;id=6999171&amp;smallembed=1"" style=""height: 300px; width: 100%; border: none;""></iframe><img width='1' height='1' src='http://slashdot.feedsportal.com/c/35028/f/647410/s/43a757a7/sc/8/mf.gif' border='0'/><br clear='all'/><br/><br/><a href=""http://da.feedsportal.com/r/222160594252/u/49/f/647410/c/35028/s/43a757a7/sc/8/rc/1/rc.htm"" rel=""nofollow""><img src=""http://da.feedsportal.com/r/222160594252/u/49/f/647410/c/35028/s/43a757a7/sc/8/rc/1/rc.img"" border=""0""/></a><br/><a href=""http://da.feedsportal.com/r/222160594252/u/49/f/647410/c/35028/s/43a757a7/sc/8/rc/2/rc.htm"" rel=""nofollow""><img src=""http://da.feedsportal.com/r/222160594252/u/49/f/647410/c/35028/s/43a757a7/sc/8/rc/2/rc.img"" border=""0""/></a><br/><a href=""http://da.feedsportal.com/r/222160594252/u/49/f/647410/c/35028/s/43a757a7/sc/8/rc/3/rc.htm"" rel=""nofollow""><img src=""http://da.feedsportal.com/r/222160594252/u/49/f/647410/c/35028/s/43a757a7/sc/8/rc/3/rc.img"" border=""0""/></a><br/><br/><a href=""http://da.feedsportal.com/r/222160594252/u/49/f/647410/c/35028/s/43a757a7/sc/8/a2.htm""><img src=""http://da.feedsportal.com/r/222160594252/u/49/f/647410/c/35028/s/43a757a7/sc/8/a2.img"" border=""0""/></a><img width=""1"" height=""1"" src=""http://pi.feedsportal.com/r/222160594252/u/49/f/647410/c/35028/s/43a757a7/sc/8/a2t.img"" border=""0""/><img src=""//feeds.feedburner.com/~r/Slashdot/slashdot/~4/S3oAPg079Mw"" height=""1"" width=""1"" alt=""""/>"
Drug-Resistant Malaria May Pose Major Threat,http://rss.slashdot.org/~r/Slashdot/slashdot/~3/Vu4qA2qURgs/story01.htm,"According to Newsweek, ""A strain of drug-resistant malaria that was discovered last summer along the Thailand-Cambodia border has been been spreading throughout Southeast Asia, to Laos, Vietnam, Cambodia and Myanmar."" Specifically, the samples are resistant to anti-malarial artemisinin. The study analyzed more than 900 blood samples from malaria patients at over 55 different sites in Myanmar. The results showed that the drug-resistant bug was widespread, and dangerously close to the Indian border in the country&rsquo;s Sagaing region. ""Our study shows that artemisinin resistance extends over more of southeast Asia than had previously been known, and is now present close to the border with India,&rdquo; wrote the researchers in the study abstract.<p><div class=""share_submission"" style=""position:relative;""> <a class=""slashpop"" href=""http://twitter.com/home?status=Drug-Resistant+Malaria+May+Pose+Major+Threat%3A+http%3A%2F%2Fbit.ly%2F1CWS5Un""><img src=""http://a.fsdn.com/sd/twitter_icon_large.png""></a> <a class=""slashpop"" href=""http://www.facebook.com/sharer.php?u=http%3A%2F%2Fscience.slashdot.org%2Fstory%2F15%2F02%2F21%2F2340226%2Fdrug-resistant-malaria-may-pose-major-threat%3Futm_source%3Dslashdot%26utm_medium%3Dfacebook""><img src=""http://a.fsdn.com/sd/facebook_icon_large.png""></a> <a class=""nobg"" href=""http://plus.google.com/share?url=http://science.slashdot.org/story/15/02/21/2340226/drug-resistant-malaria-may-pose-major-threat?utm_source=slashdot&amp;utm_medium=googleplus"" onclick=""javascript:window.open(this.href,'', 'menubar=no,toolbar=no,resizable=yes,scrollbars=yes,height=600,width=600');return false;""><img src=""http://www.gstatic.com/images/icons/gplus-16.png"" alt=""Share on Google+""/></a> </div></p><p><a href=""http://science.slashdot.org/story/15/02/21/2340226/drug-resistant-malaria-may-pose-major-threat?utm_source=rss1.0moreanon&amp;utm_medium=feed"">Read more of this story</a> at Slashdot.</p><iframe src=""http://slashdot.org/slashdot-it.pl?op=discuss&amp;id=6999471&amp;smallembed=1"" style=""height: 300px; width: 100%; border: none;""></iframe><img width='1' height='1' src='http://slashdot.feedsportal.com/c/35028/f/647410/s/43a8206e/sc/14/mf.gif' border='0'/><br clear='all'/><br/><br/><a href=""http://da.feedsportal.com/r/222166419960/u/49/f/647410/c/35028/s/43a8206e/sc/14/rc/1/rc.htm"" rel=""nofollow""><img src=""http://da.feedsportal.com/r/222166419960/u/49/f/647410/c/35028/s/43a8206e/sc/14/rc/1/rc.img"" border=""0""/></a><br/><a href=""http://da.feedsportal.com/r/222166419960/u/49/f/647410/c/35028/s/43a8206e/sc/14/rc/2/rc.htm"" rel=""nofollow""><img src=""http://da.feedsportal.com/r/222166419960/u/49/f/647410/c/35028/s/43a8206e/sc/14/rc/2/rc.img"" border=""0""/></a><br/><a href=""http://da.feedsportal.com/r/222166419960/u/49/f/647410/c/35028/s/43a8206e/sc/14/rc/3/rc.htm"" rel=""nofollow""><img src=""http://da.feedsportal.com/r/222166419960/u/49/f/647410/c/35028/s/43a8206e/sc/14/rc/3/rc.img"" border=""0""/></a><br/><br/><a href=""http://da.feedsportal.com/r/222166419960/u/49/f/647410/c/35028/s/43a8206e/sc/14/a2.htm""><img src=""http://da.feedsportal.com/r/222166419960/u/49/f/647410/c/35028/s/43a8206e/sc/14/a2.img"" border=""0""/></a><img width=""1"" height=""1"" src=""http://pi.feedsportal.com/r/222166419960/u/49/f/647410/c/35028/s/43a8206e/sc/14/a2t.img"" border=""0""/><img src=""//feeds.feedburner.com/~r/Slashdot/slashdot/~4/Vu4qA2qURgs"" height=""1"" width=""1"" alt=""""/>"
How One Climate-Change Skeptic Has Profited From Corporate Interests,http://rss.slashdot.org/~r/Slashdot/slashdot/~3/_G7anOtNFv4/story01.htm,"Lasrick writes Elected officials who want to block the EPA and legislation on climate change frequently refer to a handful of scientists who dispute anthropogenic climate change. One of scientists they quote most often is Wei-Hock Soon, a scientist at the Harvard-Smithsonian Center for Astrophysics who claims that variations in the sun's energy can largely explain recent global warming. Newly released documents show the extent to which Dr. Soon has made a fortune from corporate interests. 'He has accepted more than $1.2 million in money from the fossil-fuel industry over the last decade while failing to disclose that conflict of interest in most of his scientific papers. At least 11 papers he has published since 2008 omitted such a disclosure, and in at least eight of those cases, he appears to have violated ethical guidelines of the journals that published his work.' The Koch Brothers are cited as a source of Dr. Soon's funding.<p><div class=""share_submission"" style=""position:relative;""> <a class=""slashpop"" href=""http://twitter.com/home?status=How+One+Climate-Change+Skeptic+Has+Profited+From+Corporate+Interests%3A+http%3A%2F%2Fbit.ly%2F1vVnxje""><img src=""http://a.fsdn.com/sd/twitter_icon_large.png""></a> <a class=""slashpop"" href=""http://www.facebook.com/sharer.php?u=http%3A%2F%2Fpolitics.slashdot.org%2Fstory%2F15%2F02%2F22%2F0139247%2Fhow-one-climate-change-skeptic-has-profited-from-corporate-interests%3Futm_source%3Dslashdot%26utm_medium%3Dfacebook""><img src=""http://a.fsdn.com/sd/facebook_icon_large.png""></a> <a class=""nobg"" href=""http://plus.google.com/share?url=http://politics.slashdot.org/story/15/02/22/0139247/how-one-climate-change-skeptic-has-profited-from-corporate-interests?utm_source=slashdot&amp;utm_medium=googleplus"" onclick=""javascript:window.open(this.href,'', 'menubar=no,toolbar=no,resizable=yes,scrollbars=yes,height=600,width=600');return false;""><img src=""http://www.gstatic.com/images/icons/gplus-16.png"" alt=""Share on Google+""/></a> </div></p><p><a href=""http://politics.slashdot.org/story/15/02/22/0139247/how-one-climate-change-skeptic-has-profited-from-corporate-interests?utm_source=rss1.0moreanon&amp;utm_medium=feed"">Read more of this story</a> at Slashdot.</p><iframe src=""http://slashdot.org/slashdot-it.pl?op=discuss&amp;id=6999557&amp;smallembed=1"" style=""height: 300px; width: 100%; border: none;""></iframe><img width='1' height='1' src='http://slashdot.feedsportal.com/c/35028/f/647410/s/43a8f804/sc/24/mf.gif' border='0'/><br clear='all'/><br/><br/><a href=""http://da.feedsportal.com/r/222166422610/u/49/f/647410/c/35028/s/43a8f804/sc/24/rc/1/rc.htm"" rel=""nofollow""><img src=""http://da.feedsportal.com/r/222166422610/u/49/f/647410/c/35028/s/43a8f804/sc/24/rc/1/rc.img"" border=""0""/></a><br/><a href=""http://da.feedsportal.com/r/222166422610/u/49/f/647410/c/35028/s/43a8f804/sc/24/rc/2/rc.htm"" rel=""nofollow""><img src=""http://da.feedsportal.com/r/222166422610/u/49/f/647410/c/35028/s/43a8f804/sc/24/rc/2/rc.img"" border=""0""/></a><br/><a href=""http://da.feedsportal.com/r/222166422610/u/49/f/647410/c/35028/s/43a8f804/sc/24/rc/3/rc.htm"" rel=""nofollow""><img src=""http://da.feedsportal.com/r/222166422610/u/49/f/647410/c/35028/s/43a8f804/sc/24/rc/3/rc.img"" border=""0""/></a><br/><br/><a href=""http://da.feedsportal.com/r/222166422610/u/49/f/647410/c/35028/s/43a8f804/sc/24/a2.htm""><img src=""http://da.feedsportal.com/r/222166422610/u/49/f/647410/c/35028/s/43a8f804/sc/24/a2.img"" border=""0""/></a><img width=""1"" height=""1"" src=""http://pi.feedsportal.com/r/222166422610/u/49/f/647410/c/35028/s/43a8f804/sc/24/a2t.img"" border=""0""/><img src=""//feeds.feedburner.com/~r/Slashdot/slashdot/~4/_G7anOtNFv4"" height=""1"" width=""1"" alt=""""/>"
How Walking With Smartphones May Have Changed Pedestrian Etiquette,http://rss.slashdot.org/~r/Slashdot/slashdot/~3/l7vW-brAbUk/story01.htm,"An anonymous reader writes The phenomenon of 'distracted walking' &mdash; pedestrians who walk while using smartphones &mdash; has raised civic attention in the last few years, with Utah issuing fines and cities in China creating dedicated 'smartphone lanes' for walkers who need to keep up with Whatsapp on the move. This article argues that smartphone users have become so accustomed to other people getting out of their way that they will no longer negotiate for sidewalk space even when not using their phones.<p><div class=""share_submission"" style=""position:relative;""> <a class=""slashpop"" href=""http://twitter.com/home?status=How+Walking+With+Smartphones+May+Have+Changed+Pedestrian+Etiquette%3A+http%3A%2F%2Fbit.ly%2F19YLCRQ""><img src=""http://a.fsdn.com/sd/twitter_icon_large.png""></a> <a class=""slashpop"" href=""http://www.facebook.com/sharer.php?u=http%3A%2F%2Fmobile.slashdot.org%2Fstory%2F15%2F02%2F22%2F1842255%2Fhow-walking-with-smartphones-may-have-changed-pedestrian-etiquette%3Futm_source%3Dslashdot%26utm_medium%3Dfacebook""><img src=""http://a.fsdn.com/sd/facebook_icon_large.png""></a> <a class=""nobg"" href=""http://plus.google.com/share?url=http://mobile.slashdot.org/story/15/02/22/1842255/how-walking-with-smartphones-may-have-changed-pedestrian-etiquette?utm_source=slashdot&amp;utm_medium=googleplus"" onclick=""javascript:window.open(this.href,'', 'menubar=no,toolbar=no,resizable=yes,scrollbars=yes,height=600,width=600');return false;""><img src=""http://www.gstatic.com/images/icons/gplus-16.png"" alt=""Share on Google+""/></a> </div></p><p><a href=""http://mobile.slashdot.org/story/15/02/22/1842255/how-walking-with-smartphones-may-have-changed-pedestrian-etiquette?utm_source=rss1.0moreanon&amp;utm_medium=feed"">Read more of this story</a> at Slashdot.</p><iframe src=""http://slashdot.org/slashdot-it.pl?op=discuss&amp;id=7000951&amp;smallembed=1"" style=""height: 300px; width: 100%; border: none;""></iframe><img width='1' height='1' src='http://slashdot.feedsportal.com/c/35028/f/647410/s/43acd22d/sc/36/mf.gif' border='0'/><br clear='all'/><br/><br/><a href=""http://da.feedsportal.com/r/222166403946/u/49/f/647410/c/35028/s/43acd22d/sc/36/rc/1/rc.htm"" rel=""nofollow""><img src=""http://da.feedsportal.com/r/222166403946/u/49/f/647410/c/35028/s/43acd22d/sc/36/rc/1/rc.img"" border=""0""/></a><br/><a href=""http://da.feedsportal.com/r/222166403946/u/49/f/647410/c/35028/s/43acd22d/sc/36/rc/2/rc.htm"" rel=""nofollow""><img src=""http://da.feedsportal.com/r/222166403946/u/49/f/647410/c/35028/s/43acd22d/sc/36/rc/2/rc.img"" border=""0""/></a><br/><a href=""http://da.feedsportal.com/r/222166403946/u/49/f/647410/c/35028/s/43acd22d/sc/36/rc/3/rc.htm"" rel=""nofollow""><img src=""http://da.feedsportal.com/r/222166403946/u/49/f/647410/c/35028/s/43acd22d/sc/36/rc/3/rc.img"" border=""0""/></a><br/><br/><a href=""http://da.feedsportal.com/r/222166403946/u/49/f/647410/c/35028/s/43acd22d/sc/36/a2.htm""><img src=""http://da.feedsportal.com/r/222166403946/u/49/f/647410/c/35028/s/43acd22d/sc/36/a2.img"" border=""0""/></a><img width=""1"" height=""1"" src=""http://pi.feedsportal.com/r/222166403946/u/49/f/647410/c/35028/s/43acd22d/sc/36/a2t.img"" border=""0""/><img src=""//feeds.feedburner.com/~r/Slashdot/slashdot/~4/l7vW-brAbUk"" height=""1"" width=""1"" alt=""""/>"
Humans' Big Brains Linked To a Small Stretch of DNA,http://rss.slashdot.org/~r/Slashdot/slashdot/~3/Zat2LWttUJM/story01.htm,"A new study (abstract) described in the L.A. Times suggests that ""just 10 differences on one particular strand of human DNA lying near a brain-development gene could have been instrumental in the explosive growth in the human neocortex."" The DNA region, containing just 1,200 base pairs, is not a gene. But it lies near one that is known to affect early development of the human neocortex, according to the study, published online Thursday in Current Biology. Researchers showed that the region, known as HARE5, acts as an enhancer of the gene FZD8. Embryos of mice altered with human HARE5 developed significantly larger brains and more neurons compared with embryos carrying the chimp version, according to the study.<p><div class=""share_submission"" style=""position:relative;""> <a class=""slashpop"" href=""http://twitter.com/home?status=Humans'+Big+Brains+Linked+To+a+Small+Stretch+of+DNA%3A+http%3A%2F%2Fbit.ly%2F1GgfuDT""><img src=""http://a.fsdn.com/sd/twitter_icon_large.png""></a> <a class=""slashpop"" href=""http://www.facebook.com/sharer.php?u=http%3A%2F%2Fscience.slashdot.org%2Fstory%2F15%2F02%2F22%2F0414252%2Fhumans-big-brains-linked-to-a-small-stretch-of-dna%3Futm_source%3Dslashdot%26utm_medium%3Dfacebook""><img src=""http://a.fsdn.com/sd/facebook_icon_large.png""></a> <a class=""nobg"" href=""http://plus.google.com/share?url=http://science.slashdot.org/story/15/02/22/0414252/humans-big-brains-linked-to-a-small-stretch-of-dna?utm_source=slashdot&amp;utm_medium=googleplus"" onclick=""javascript:window.open(this.href,'', 'menubar=no,toolbar=no,resizable=yes,scrollbars=yes,height=600,width=600');return false;""><img src=""http://www.gstatic.com/images/icons/gplus-16.png"" alt=""Share on Google+""/></a> </div></p><p><a href=""http://science.slashdot.org/story/15/02/22/0414252/humans-big-brains-linked-to-a-small-stretch-of-dna?utm_source=rss1.0moreanon&amp;utm_medium=feed"">Read more of this story</a> at Slashdot.</p><iframe src=""http://slashdot.org/slashdot-it.pl?op=discuss&amp;id=6999715&amp;smallembed=1"" style=""height: 300px; width: 100%; border: none;""></iframe><img width='1' height='1' src='http://slashdot.feedsportal.com/c/35028/f/647410/s/43a907da/sc/14/mf.gif' border='0'/><br clear='all'/><br/><br/><a href=""http://da.feedsportal.com/r/222166424704/u/49/f/647410/c/35028/s/43a907da/sc/14/rc/1/rc.htm"" rel=""nofollow""><img src=""http://da.feedsportal.com/r/222166424704/u/49/f/647410/c/35028/s/43a907da/sc/14/rc/1/rc.img"" border=""0""/></a><br/><a href=""http://da.feedsportal.com/r/222166424704/u/49/f/647410/c/35028/s/43a907da/sc/14/rc/2/rc.htm"" rel=""nofollow""><img src=""http://da.feedsportal.com/r/222166424704/u/49/f/647410/c/35028/s/43a907da/sc/14/rc/2/rc.img"" border=""0""/></a><br/><a href=""http://da.feedsportal.com/r/222166424704/u/49/f/647410/c/35028/s/43a907da/sc/14/rc/3/rc.htm"" rel=""nofollow""><img src=""http://da.feedsportal.com/r/222166424704/u/49/f/647410/c/35028/s/43a907da/sc/14/rc/3/rc.img"" border=""0""/></a><br/><br/><a href=""http://da.feedsportal.com/r/222166424704/u/49/f/647410/c/35028/s/43a907da/sc/14/a2.htm""><img src=""http://da.feedsportal.com/r/222166424704/u/49/f/647410/c/35028/s/43a907da/sc/14/a2.img"" border=""0""/></a><img width=""1"" height=""1"" src=""http://pi.feedsportal.com/r/222166424704/u/49/f/647410/c/35028/s/43a907da/sc/14/a2t.img"" border=""0""/><img src=""//feeds.feedburner.com/~r/Slashdot/slashdot/~4/Zat2LWttUJM"" height=""1"" width=""1"" alt=""""/>"
ISS Crew Install Cables For 2017 Arrival of Commercial Capsules,http://rss.slashdot.org/~r/Slashdot/slashdot/~3/IEnJ460Ltcs/story01.htm,"The Associated Press, as carried by the San Francisco Chronicle, reports that NASA astronauts Butch Wilmore and Terry Virts have attached more than 300 feet of cable to the exterior of the International Space Station in the first in a series of three planned spacewalks; in total, the wiring job they're undertaking will involve 764 feet of power and data cables. The extensive rewiring is needed to prepare for NASA&rsquo;s next phase 260 miles up: the 2017 arrival of the first commercial spacecraft capable of transporting astronauts to the orbiting lab. NASA is paying Boeing and SpaceX to build the capsules and fly them from Cape Canaveral, which hasn&rsquo;t seen a manned launch since the shuttles retired in 2011. Instead, Russia is doing all the taxi work &mdash; for a steep price. The first of two docking ports for the Boeing and SpaceX vessels &mdash; still under development &mdash; is due to arrive in June. Even more spacewalks will be needed to set everything up. Mission Control left two cables &mdash; or about 24 feet worth &mdash; for the next spacewalk coming up Wednesday. Four hundred feet of additional cable will be installed next Sunday on spacewalk No. 3.<p><div class=""share_submission"" style=""position:relative;""> <a class=""slashpop"" href=""http://twitter.com/home?status=ISS+Crew+Install+Cables+For+2017+Arrival+of+Commercial+Capsules+%3A+http%3A%2F%2Fbit.ly%2F1zwdnay""><img src=""http://a.fsdn.com/sd/twitter_icon_large.png""></a> <a class=""slashpop"" href=""http://www.facebook.com/sharer.php?u=http%3A%2F%2Fscience.slashdot.org%2Fstory%2F15%2F02%2F22%2F0048259%2Fiss-crew-install-cables-for-2017-arrival-of-commercial-capsules%3Futm_source%3Dslashdot%26utm_medium%3Dfacebook""><img src=""http://a.fsdn.com/sd/facebook_icon_large.png""></a> <a class=""nobg"" href=""http://plus.google.com/share?url=http://science.slashdot.org/story/15/02/22/0048259/iss-crew-install-cables-for-2017-arrival-of-commercial-capsules?utm_source=slashdot&amp;utm_medium=googleplus"" onclick=""javascript:window.open(this.href,'', 'menubar=no,toolbar=no,resizable=yes,scrollbars=yes,height=600,width=600');return false;""><img src=""http://www.gstatic.com/images/icons/gplus-16.png"" alt=""Share on Google+""/></a> </div></p><p><a href=""http://science.slashdot.org/story/15/02/22/0048259/iss-crew-install-cables-for-2017-arrival-of-commercial-capsules?utm_source=rss1.0moreanon&amp;utm_medium=feed"">Read more of this story</a> at Slashdot.</p><iframe src=""http://slashdot.org/slashdot-it.pl?op=discuss&amp;id=6999509&amp;smallembed=1"" style=""height: 300px; width: 100%; border: none;""></iframe><img width='1' height='1' src='http://slashdot.feedsportal.com/c/35028/f/647410/s/43a85501/sc/3/mf.gif' border='0'/><br clear='all'/><br/><br/><a href=""http://da.feedsportal.com/r/222166398447/u/49/f/647410/c/35028/s/43a85501/sc/3/rc/1/rc.htm"" rel=""nofollow""><img src=""http://da.feedsportal.com/r/222166398447/u/49/f/647410/c/35028/s/43a85501/sc/3/rc/1/rc.img"" border=""0""/></a><br/><a href=""http://da.feedsportal.com/r/222166398447/u/49/f/647410/c/35028/s/43a85501/sc/3/rc/2/rc.htm"" rel=""nofollow""><img src=""http://da.feedsportal.com/r/222166398447/u/49/f/647410/c/35028/s/43a85501/sc/3/rc/2/rc.img"" border=""0""/></a><br/><a href=""http://da.feedsportal.com/r/222166398447/u/49/f/647410/c/35028/s/43a85501/sc/3/rc/3/rc.htm"" rel=""nofollow""><img src=""http://da.feedsportal.com/r/222166398447/u/49/f/647410/c/35028/s/43a85501/sc/3/rc/3/rc.img"" border=""0""/></a><br/><br/><a href=""http://da.feedsportal.com/r/222166398447/u/49/f/647410/c/35028/s/43a85501/sc/3/a2.htm""><img src=""http://da.feedsportal.com/r/222166398447/u/49/f/647410/c/35028/s/43a85501/sc/3/a2.img"" border=""0""/></a><img width=""1"" height=""1"" src=""http://pi.feedsportal.com/r/222166398447/u/49/f/647410/c/35028/s/43a85501/sc/3/a2t.img"" border=""0""/><img src=""//feeds.feedburner.com/~r/Slashdot/slashdot/~4/IEnJ460Ltcs"" height=""1"" width=""1"" alt=""""/>"
Intel Core M Enables Lower Cost Ultrabooks; Asus UX305 Tested,http://rss.slashdot.org/~r/Slashdot/slashdot/~3/YTYR_Wp_cU4/story01.htm,"MojoKid (1002251) writes Asus announced their super-slim Zenbook UX305 during the IFA trade show in Berlin in September. The machine will be available in two models, one with a 1920x1080 IPS display and one with a QHD+ display that boasts a native resolution of 3200x1800. They're both built around Intel's more power-efficient Core M processor, which was designed for ultra-thin and ""fanless"" form factors. Intel's Core M does seem to offer significant advances both in terms of power consumption and performance, which enables many of the design features found on the 12.3mm thin UX305. The Core M 5Y10 in the Asus Zenbook UX305 is complemented by 8GB of RAM, a 256GB SSD, and this is one of the few ultrabooks to feature a matte display. All told, the machine put up some decent numbers in the benchmarks and battery life was excellent, but what's perhaps most interesting is that this is an ""ultrabook"" class machine that weighs in at a much more palatable $700 price tag.<p><div class=""share_submission"" style=""position:relative;""> <a class=""slashpop"" href=""http://twitter.com/home?status=Intel+Core+M+Enables+Lower+Cost+Ultrabooks%3B+Asus+UX305+Tested%3A+http%3A%2F%2Fbit.ly%2F1zXLZ3W""><img src=""http://a.fsdn.com/sd/twitter_icon_large.png""></a> <a class=""slashpop"" href=""http://www.facebook.com/sharer.php?u=http%3A%2F%2Fhardware.slashdot.org%2Fstory%2F15%2F02%2F22%2F0739250%2Fintel-core-m-enables-lower-cost-ultrabooks-asus-ux305-tested%3Futm_source%3Dslashdot%26utm_medium%3Dfacebook""><img src=""http://a.fsdn.com/sd/facebook_icon_large.png""></a> <a class=""nobg"" href=""http://plus.google.com/share?url=http://hardware.slashdot.org/story/15/02/22/0739250/intel-core-m-enables-lower-cost-ultrabooks-asus-ux305-tested?utm_source=slashdot&amp;utm_medium=googleplus"" onclick=""javascript:window.open(this.href,'', 'menubar=no,toolbar=no,resizable=yes,scrollbars=yes,height=600,width=600');return false;""><img src=""http://www.gstatic.com/images/icons/gplus-16.png"" alt=""Share on Google+""/></a> </div></p><p><a href=""http://hardware.slashdot.org/story/15/02/22/0739250/intel-core-m-enables-lower-cost-ultrabooks-asus-ux305-tested?utm_source=rss1.0moreanon&amp;utm_medium=feed"">Read more of this story</a> at Slashdot.</p><iframe src=""http://slashdot.org/slashdot-it.pl?op=discuss&amp;id=7000035&amp;smallembed=1"" style=""height: 300px; width: 100%; border: none;""></iframe><img width='1' height='1' src='http://slashdot.feedsportal.com/c/35028/f/647410/s/43aa00c3/sc/28/mf.gif' border='0'/><br clear='all'/><br/><br/><a href=""http://da.feedsportal.com/r/222166391307/u/49/f/647410/c/35028/s/43aa00c3/sc/28/rc/1/rc.htm"" rel=""nofollow""><img src=""http://da.feedsportal.com/r/222166391307/u/49/f/647410/c/35028/s/43aa00c3/sc/28/rc/1/rc.img"" border=""0""/></a><br/><a href=""http://da.feedsportal.com/r/222166391307/u/49/f/647410/c/35028/s/43aa00c3/sc/28/rc/2/rc.htm"" rel=""nofollow""><img src=""http://da.feedsportal.com/r/222166391307/u/49/f/647410/c/35028/s/43aa00c3/sc/28/rc/2/rc.img"" border=""0""/></a><br/><a href=""http://da.feedsportal.com/r/222166391307/u/49/f/647410/c/35028/s/43aa00c3/sc/28/rc/3/rc.htm"" rel=""nofollow""><img src=""http://da.feedsportal.com/r/222166391307/u/49/f/647410/c/35028/s/43aa00c3/sc/28/rc/3/rc.img"" border=""0""/></a><br/><br/><a href=""http://da.feedsportal.com/r/222166391307/u/49/f/647410/c/35028/s/43aa00c3/sc/28/a2.htm""><img src=""http://da.feedsportal.com/r/222166391307/u/49/f/647410/c/35028/s/43aa00c3/sc/28/a2.img"" border=""0""/></a><img width=""1"" height=""1"" src=""http://pi.feedsportal.com/r/222166391307/u/49/f/647410/c/35028/s/43aa00c3/sc/28/a2t.img"" border=""0""/><img src=""//feeds.feedburner.com/~r/Slashdot/slashdot/~4/YTYR_Wp_cU4"" height=""1"" width=""1"" alt=""""/>"
Iran Allows VPNs To Make Millions In Profit,http://rss.slashdot.org/~r/Slashdot/slashdot/~3/OZf1REDrjlc/story01.htm,"New submitter Patrick O'Neill writes with this excerpt from The Daily Dot: Anti-censorship technology is de jure illegal in Iran, but many VPNs are sold openly, allowing Iranians to bounce around censorship and seemingly render it ineffective. Nearly 7 in 10 young Iranians are using VPNs, according to the country's government, and a Google search for ""buy VPN"" in Persian returns 2 million results. Iran's Cyber Police (FATA) have waged a high-volume open war against the VPNs, but it's still very easy to find, buy, and use the software. It's so easy, in fact, that you can use Iran's government-sanctioned payment gateways (Pardakht Net, Sharj Iran, Jahan Pay &amp; Baz Pardakht) to buy the tools that'll beat the censors. To use these gateways, however, customers have to submit their Iranian bank account and identity, all but foregoing hopes of privacy or protection from authorities.""<p><div class=""share_submission"" style=""position:relative;""> <a class=""slashpop"" href=""http://twitter.com/home?status=Iran+Allows+VPNs+To+Make+Millions+In+Profit%3A+http%3A%2F%2Fbit.ly%2F1CZ4B62""><img src=""http://a.fsdn.com/sd/twitter_icon_large.png""></a> <a class=""slashpop"" href=""http://www.facebook.com/sharer.php?u=http%3A%2F%2Fyro.slashdot.org%2Fstory%2F15%2F02%2F22%2F1633220%2Firan-allows-vpns-to-make-millions-in-profit%3Futm_source%3Dslashdot%26utm_medium%3Dfacebook""><img src=""http://a.fsdn.com/sd/facebook_icon_large.png""></a> <a class=""nobg"" href=""http://plus.google.com/share?url=http://yro.slashdot.org/story/15/02/22/1633220/iran-allows-vpns-to-make-millions-in-profit?utm_source=slashdot&amp;utm_medium=googleplus"" onclick=""javascript:window.open(this.href,'', 'menubar=no,toolbar=no,resizable=yes,scrollbars=yes,height=600,width=600');return false;""><img src=""http://www.gstatic.com/images/icons/gplus-16.png"" alt=""Share on Google+""/></a> </div></p><p><a href=""http://yro.slashdot.org/story/15/02/22/1633220/iran-allows-vpns-to-make-millions-in-profit?utm_source=rss1.0moreanon&amp;utm_medium=feed"">Read more of this story</a> at Slashdot.</p><iframe src=""http://slashdot.org/slashdot-it.pl?op=discuss&amp;id=7000711&amp;smallembed=1"" style=""height: 300px; width: 100%; border: none;""></iframe><img width='1' height='1' src='http://slashdot.feedsportal.com/c/35028/f/647410/s/43ac43bb/sc/36/mf.gif' border='0'/><br clear='all'/><br/><br/><a href=""http://da.feedsportal.com/r/222166400663/u/49/f/647410/c/35028/s/43ac43bb/sc/36/rc/1/rc.htm"" rel=""nofollow""><img src=""http://da.feedsportal.com/r/222166400663/u/49/f/647410/c/35028/s/43ac43bb/sc/36/rc/1/rc.img"" border=""0""/></a><br/><a href=""http://da.feedsportal.com/r/222166400663/u/49/f/647410/c/35028/s/43ac43bb/sc/36/rc/2/rc.htm"" rel=""nofollow""><img src=""http://da.feedsportal.com/r/222166400663/u/49/f/647410/c/35028/s/43ac43bb/sc/36/rc/2/rc.img"" border=""0""/></a><br/><a href=""http://da.feedsportal.com/r/222166400663/u/49/f/647410/c/35028/s/43ac43bb/sc/36/rc/3/rc.htm"" rel=""nofollow""><img src=""http://da.feedsportal.com/r/222166400663/u/49/f/647410/c/35028/s/43ac43bb/sc/36/rc/3/rc.img"" border=""0""/></a><br/><br/><a href=""http://da.feedsportal.com/r/222166400663/u/49/f/647410/c/35028/s/43ac43bb/sc/36/a2.htm""><img src=""http://da.feedsportal.com/r/222166400663/u/49/f/647410/c/35028/s/43ac43bb/sc/36/a2.img"" border=""0""/></a><img width=""1"" height=""1"" src=""http://pi.feedsportal.com/r/222166400663/u/49/f/647410/c/35028/s/43ac43bb/sc/36/a2t.img"" border=""0""/><img src=""//feeds.feedburner.com/~r/Slashdot/slashdot/~4/OZf1REDrjlc"" height=""1"" width=""1"" alt=""""/>"
L.A. School Superintendent Folds on Laptops-For-Kids Program,http://rss.slashdot.org/~r/Slashdot/slashdot/~3/AO50Ifh4_Ok/story01.htm,"In an announcement yesterday reported on by Ars Technica, [Los Angeles school superintendent] Ramon C. Cortines said that the city can't afford to buy a computer for every student. The statement comes after intense controversy over a $1.3 billion initiative launched by Cortines' predecessor, former superintendent John Deasy, in which every student was supposed to be given an iPad loaded with content from educational publisher Pearson. (That controversy is worth reading about, and sparked an FBI investigation as well.)<p><div class=""share_submission"" style=""position:relative;""> <a class=""slashpop"" href=""http://twitter.com/home?status=L.A.+School+Superintendent+Folds+on+Laptops-For-Kids+Program%3A+http%3A%2F%2Fbit.ly%2F1DF0Rfd""><img src=""http://a.fsdn.com/sd/twitter_icon_large.png""></a> <a class=""slashpop"" href=""http://www.facebook.com/sharer.php?u=http%3A%2F%2Fnews.slashdot.org%2Fstory%2F15%2F02%2F21%2F2118206%2Fla-school-superintendent-folds-on-laptops-for-kids-program%3Futm_source%3Dslashdot%26utm_medium%3Dfacebook""><img src=""http://a.fsdn.com/sd/facebook_icon_large.png""></a> <a class=""nobg"" href=""http://plus.google.com/share?url=http://news.slashdot.org/story/15/02/21/2118206/la-school-superintendent-folds-on-laptops-for-kids-program?utm_source=slashdot&amp;utm_medium=googleplus"" onclick=""javascript:window.open(this.href,'', 'menubar=no,toolbar=no,resizable=yes,scrollbars=yes,height=600,width=600');return false;""><img src=""http://www.gstatic.com/images/icons/gplus-16.png"" alt=""Share on Google+""/></a> </div></p><p><a href=""http://news.slashdot.org/story/15/02/21/2118206/la-school-superintendent-folds-on-laptops-for-kids-program?utm_source=rss1.0moreanon&amp;utm_medium=feed"">Read more of this story</a> at Slashdot.</p><iframe src=""http://slashdot.org/slashdot-it.pl?op=discuss&amp;id=6999289&amp;smallembed=1"" style=""height: 300px; width: 100%; border: none;""></iframe><img width='1' height='1' src='http://slashdot.feedsportal.com/c/35028/f/647410/s/43a7a6c9/sc/8/mf.gif' border='0'/><br clear='all'/><br/><br/><a href=""http://da.feedsportal.com/r/222166377682/u/49/f/647410/c/35028/s/43a7a6c9/sc/8/rc/1/rc.htm"" rel=""nofollow""><img src=""http://da.feedsportal.com/r/222166377682/u/49/f/647410/c/35028/s/43a7a6c9/sc/8/rc/1/rc.img"" border=""0""/></a><br/><a href=""http://da.feedsportal.com/r/222166377682/u/49/f/647410/c/35028/s/43a7a6c9/sc/8/rc/2/rc.htm"" rel=""nofollow""><img src=""http://da.feedsportal.com/r/222166377682/u/49/f/647410/c/35028/s/43a7a6c9/sc/8/rc/2/rc.img"" border=""0""/></a><br/><a href=""http://da.feedsportal.com/r/222166377682/u/49/f/647410/c/35028/s/43a7a6c9/sc/8/rc/3/rc.htm"" rel=""nofollow""><img src=""http://da.feedsportal.com/r/222166377682/u/49/f/647410/c/35028/s/43a7a6c9/sc/8/rc/3/rc.img"" border=""0""/></a><br/><br/><a href=""http://da.feedsportal.com/r/222166377682/u/49/f/647410/c/35028/s/43a7a6c9/sc/8/a2.htm""><img src=""http://da.feedsportal.com/r/222166377682/u/49/f/647410/c/35028/s/43a7a6c9/sc/8/a2.img"" border=""0""/></a><img width=""1"" height=""1"" src=""http://pi.feedsportal.com/r/222166377682/u/49/f/647410/c/35028/s/43a7a6c9/sc/8/a2t.img"" border=""0""/><img src=""//feeds.feedburner.com/~r/Slashdot/slashdot/~4/AO50Ifh4_Ok"" height=""1"" width=""1"" alt=""""/>"
Mars One Does Not Renew Contracts For Robotic Missions,http://rss.slashdot.org/~r/Slashdot/slashdot/~3/rYl6wvWptC4/story01.htm,"braindrainbahrain writes Mars One is, of course, the highly speculative, low credibility project to land humans on Mars after a one-way trip. In 2013 they had announced that two contracts had been awarded to the aerospace industry to develop a Mars orbiter and a Mars lander to carry a science experiment payload to the surface. Both contracts have been completed, but so far, Mars One has no immediate plans to renew the contracts and pursue further development of the crafts.<p><div class=""share_submission"" style=""position:relative;""> <a class=""slashpop"" href=""http://twitter.com/home?status=Mars+One+Does+Not+Renew+Contracts+For+Robotic+Missions%3A+http%3A%2F%2Fbit.ly%2F1DHNPxF""><img src=""http://a.fsdn.com/sd/twitter_icon_large.png""></a> <a class=""slashpop"" href=""http://www.facebook.com/sharer.php?u=http%3A%2F%2Fscience.slashdot.org%2Fstory%2F15%2F02%2F22%2F2050206%2Fmars-one-does-not-renew-contracts-for-robotic-missions%3Futm_source%3Dslashdot%26utm_medium%3Dfacebook""><img src=""http://a.fsdn.com/sd/facebook_icon_large.png""></a> <a class=""nobg"" href=""http://plus.google.com/share?url=http://science.slashdot.org/story/15/02/22/2050206/mars-one-does-not-renew-contracts-for-robotic-missions?utm_source=slashdot&amp;utm_medium=googleplus"" onclick=""javascript:window.open(this.href,'', 'menubar=no,toolbar=no,resizable=yes,scrollbars=yes,height=600,width=600');return false;""><img src=""http://www.gstatic.com/images/icons/gplus-16.png"" alt=""Share on Google+""/></a> </div></p><p><a href=""http://science.slashdot.org/story/15/02/22/2050206/mars-one-does-not-renew-contracts-for-robotic-missions?utm_source=rss1.0moreanon&amp;utm_medium=feed"">Read more of this story</a> at Slashdot.</p><iframe src=""http://slashdot.org/slashdot-it.pl?op=discuss&amp;id=7001105&amp;smallembed=1"" style=""height: 300px; width: 100%; border: none;""></iframe><img width='1' height='1' src='http://slashdot.feedsportal.com/c/35028/f/647410/s/43ad5303/sc/24/mf.gif' border='0'/><br clear='all'/><br/><br/><a href=""http://da.feedsportal.com/r/222166405473/u/49/f/647410/c/35028/s/43ad5303/sc/24/rc/1/rc.htm"" rel=""nofollow""><img src=""http://da.feedsportal.com/r/222166405473/u/49/f/647410/c/35028/s/43ad5303/sc/24/rc/1/rc.img"" border=""0""/></a><br/><a href=""http://da.feedsportal.com/r/222166405473/u/49/f/647410/c/35028/s/43ad5303/sc/24/rc/2/rc.htm"" rel=""nofollow""><img src=""http://da.feedsportal.com/r/222166405473/u/49/f/647410/c/35028/s/43ad5303/sc/24/rc/2/rc.img"" border=""0""/></a><br/><a href=""http://da.feedsportal.com/r/222166405473/u/49/f/647410/c/35028/s/43ad5303/sc/24/rc/3/rc.htm"" rel=""nofollow""><img src=""http://da.feedsportal.com/r/222166405473/u/49/f/647410/c/35028/s/43ad5303/sc/24/rc/3/rc.img"" border=""0""/></a><br/><br/><a href=""http://da.feedsportal.com/r/222166405473/u/49/f/647410/c/35028/s/43ad5303/sc/24/a2.htm""><img src=""http://da.feedsportal.com/r/222166405473/u/49/f/647410/c/35028/s/43ad5303/sc/24/a2.img"" border=""0""/></a><img width=""1"" height=""1"" src=""http://pi.feedsportal.com/r/222166405473/u/49/f/647410/c/35028/s/43ad5303/sc/24/a2t.img"" border=""0""/><img src=""//feeds.feedburner.com/~r/Slashdot/slashdot/~4/rYl6wvWptC4"" height=""1"" width=""1"" alt=""""/>"
Nvidia Faces Suit Over GTX970 Performance Claims,http://rss.slashdot.org/~r/Slashdot/slashdot/~3/qQm4KJPvL0E/story01.htm,"According to this story at PC World, Nvidia was hit with a class action lawsuit Thursday that claims it misled customers about the capabilities of the GTX 970, which was released in September. Nvidia markets the chip as having 4GB of performance-boosting video RAM, but some users have complained the chip falters after using 3.5GB of that allocation. The lawsuit says the remaining half gigabyte runs 80 percent slower than it's supposed to. That can cause images to stutter on a high resolution screen and some games to perform poorly, the suit says. It was filed in the U.S. District Court for Northern California and names as defendants Nvidia and Giga-Byte Technology, which sells the GTX 970 in graphics cards. Nvidia declined to comment on the lawsuit Friday and Giga-Byte couldn't immediately be reached.<p><div class=""share_submission"" style=""position:relative;""> <a class=""slashpop"" href=""http://twitter.com/home?status=Nvidia+Faces+Suit+Over+GTX970+Performance+Claims%3A+http%3A%2F%2Fbit.ly%2F1D3hBKr""><img src=""http://a.fsdn.com/sd/twitter_icon_large.png""></a> <a class=""slashpop"" href=""http://www.facebook.com/sharer.php?u=http%3A%2F%2Fyro.slashdot.org%2Fstory%2F15%2F02%2F21%2F2217250%2Fnvidia-faces-suit-over-gtx970-performance-claims%3Futm_source%3Dslashdot%26utm_medium%3Dfacebook""><img src=""http://a.fsdn.com/sd/facebook_icon_large.png""></a> <a class=""nobg"" href=""http://plus.google.com/share?url=http://yro.slashdot.org/story/15/02/21/2217250/nvidia-faces-suit-over-gtx970-performance-claims?utm_source=slashdot&amp;utm_medium=googleplus"" onclick=""javascript:window.open(this.href,'', 'menubar=no,toolbar=no,resizable=yes,scrollbars=yes,height=600,width=600');return false;""><img src=""http://www.gstatic.com/images/icons/gplus-16.png"" alt=""Share on Google+""/></a> </div></p><p><a href=""http://yro.slashdot.org/story/15/02/21/2217250/nvidia-faces-suit-over-gtx970-performance-claims?utm_source=rss1.0moreanon&amp;utm_medium=feed"">Read more of this story</a> at Slashdot.</p><iframe src=""http://slashdot.org/slashdot-it.pl?op=discuss&amp;id=6999377&amp;smallembed=1"" style=""height: 300px; width: 100%; border: none;""></iframe><img width='1' height='1' src='http://slashdot.feedsportal.com/c/35028/f/647410/s/43a7a6c3/sc/21/mf.gif' border='0'/><br clear='all'/><br/><br/><a href=""http://da.feedsportal.com/r/222166377684/u/49/f/647410/c/35028/s/43a7a6c3/sc/21/rc/1/rc.htm"" rel=""nofollow""><img src=""http://da.feedsportal.com/r/222166377684/u/49/f/647410/c/35028/s/43a7a6c3/sc/21/rc/1/rc.img"" border=""0""/></a><br/><a href=""http://da.feedsportal.com/r/222166377684/u/49/f/647410/c/35028/s/43a7a6c3/sc/21/rc/2/rc.htm"" rel=""nofollow""><img src=""http://da.feedsportal.com/r/222166377684/u/49/f/647410/c/35028/s/43a7a6c3/sc/21/rc/2/rc.img"" border=""0""/></a><br/><a href=""http://da.feedsportal.com/r/222166377684/u/49/f/647410/c/35028/s/43a7a6c3/sc/21/rc/3/rc.htm"" rel=""nofollow""><img src=""http://da.feedsportal.com/r/222166377684/u/49/f/647410/c/35028/s/43a7a6c3/sc/21/rc/3/rc.img"" border=""0""/></a><br/><br/><a href=""http://da.feedsportal.com/r/222166377684/u/49/f/647410/c/35028/s/43a7a6c3/sc/21/a2.htm""><img src=""http://da.feedsportal.com/r/222166377684/u/49/f/647410/c/35028/s/43a7a6c3/sc/21/a2.img"" border=""0""/></a><img width=""1"" height=""1"" src=""http://pi.feedsportal.com/r/222166377684/u/49/f/647410/c/35028/s/43a7a6c3/sc/21/a2t.img"" border=""0""/><img src=""//feeds.feedburner.com/~r/Slashdot/slashdot/~4/qQm4KJPvL0E"" height=""1"" width=""1"" alt=""""/>"
The Imitation Game Fails Test of Inspiring the Next Turings,http://rss.slashdot.org/~r/Slashdot/slashdot/~3/fZV3sBfRqks/story01.htm,"reifman writes In 'The Imitation Game': Can This Big Fat Cliche Win Best Picture?, reviewer Monica Guzman blasts the film for distorting history and missing the opportunity to inspire today's tech savvy, highly surveilled generation to follow in Turing's path: Instead of an inventor, it shows a stereotype. Instead of inspiring us to follow in the footsteps of a person who shaped technology, the film inspires us only to get out of the way of the next genius who can. The Imitation Game changed aspects of the real Alan Turing's personality to conform more closely to our idea of the solitary nerd. It falls in line with the tired idea that only outcasts could love computers...As for explaining the science behind Turing's code-breaking machine, the movie doesn't bother. if invention doesn't deserve top billing in this story, where the technology at its heart is not only historically significant but hugely resonant in our lives today, then I don't know where it would. The message of the movie is that the uncommon man can do amazing things, but the message we need is that the common man, woman, anybody can and should tinker with the technology that manages our whole world.<p><div class=""share_submission"" style=""position:relative;""> <a class=""slashpop"" href=""http://twitter.com/home?status=The+Imitation+Game+Fails+Test+of+Inspiring+the+Next+Turings%3A+http%3A%2F%2Fbit.ly%2F1vYERE3""><img src=""http://a.fsdn.com/sd/twitter_icon_large.png""></a> <a class=""slashpop"" href=""http://www.facebook.com/sharer.php?u=http%3A%2F%2Fentertainment.slashdot.org%2Fstory%2F15%2F02%2F22%2F1951203%2Fthe-imitation-game-fails-test-of-inspiring-the-next-turings%3Futm_source%3Dslashdot%26utm_medium%3Dfacebook""><img src=""http://a.fsdn.com/sd/facebook_icon_large.png""></a> <a class=""nobg"" href=""http://plus.google.com/share?url=http://entertainment.slashdot.org/story/15/02/22/1951203/the-imitation-game-fails-test-of-inspiring-the-next-turings?utm_source=slashdot&amp;utm_medium=googleplus"" onclick=""javascript:window.open(this.href,'', 'menubar=no,toolbar=no,resizable=yes,scrollbars=yes,height=600,width=600');return false;""><img src=""http://www.gstatic.com/images/icons/gplus-16.png"" alt=""Share on Google+""/></a> </div></p><p><a href=""http://entertainment.slashdot.org/story/15/02/22/1951203/the-imitation-game-fails-test-of-inspiring-the-next-turings?utm_source=rss1.0moreanon&amp;utm_medium=feed"">Read more of this story</a> at Slashdot.</p><iframe src=""http://slashdot.org/slashdot-it.pl?op=discuss&amp;id=7001031&amp;smallembed=1"" style=""height: 300px; width: 100%; border: none;""></iframe><img width='1' height='1' src='http://slashdot.feedsportal.com/c/35028/f/647410/s/43ad0b20/sc/8/mf.gif' border='0'/><br clear='all'/><br/><br/><a href=""http://da.feedsportal.com/r/222166399637/u/49/f/647410/c/35028/s/43ad0b20/sc/8/rc/1/rc.htm"" rel=""nofollow""><img src=""http://da.feedsportal.com/r/222166399637/u/49/f/647410/c/35028/s/43ad0b20/sc/8/rc/1/rc.img"" border=""0""/></a><br/><a href=""http://da.feedsportal.com/r/222166399637/u/49/f/647410/c/35028/s/43ad0b20/sc/8/rc/2/rc.htm"" rel=""nofollow""><img src=""http://da.feedsportal.com/r/222166399637/u/49/f/647410/c/35028/s/43ad0b20/sc/8/rc/2/rc.img"" border=""0""/></a><br/><a href=""http://da.feedsportal.com/r/222166399637/u/49/f/647410/c/35028/s/43ad0b20/sc/8/rc/3/rc.htm"" rel=""nofollow""><img src=""http://da.feedsportal.com/r/222166399637/u/49/f/647410/c/35028/s/43ad0b20/sc/8/rc/3/rc.img"" border=""0""/></a><br/><br/><a href=""http://da.feedsportal.com/r/222166399637/u/49/f/647410/c/35028/s/43ad0b20/sc/8/a2.htm""><img src=""http://da.feedsportal.com/r/222166399637/u/49/f/647410/c/35028/s/43ad0b20/sc/8/a2.img"" border=""0""/></a><img width=""1"" height=""1"" src=""http://pi.feedsportal.com/r/222166399637/u/49/f/647410/c/35028/s/43ad0b20/sc/8/a2t.img"" border=""0""/><img src=""//feeds.feedburner.com/~r/Slashdot/slashdot/~4/fZV3sBfRqks"" height=""1"" width=""1"" alt=""""/>"
Will Greek Finance Minister Varoufakis Support Cryptocurrency In Greece?,http://rss.slashdot.org/~r/Slashdot/slashdot/~3/6rzOHbCFJ_o/story01.htm,"giulioprisco writes New Greek Finance Minister Yanis Varoufakis, former Economist-in-Residence at game developer Valve Corporation, sees something like Bitcoin &mdash; or, more likely, a state-controlled ""Fedcoin"" &mdash; possibly playing a role in the (necessarily creative) rescue of the Greek economy. ""The technology of Bitcoin, if suitably adapted, can be employed profitably in the Eurozone,"" he said.<p><div class=""share_submission"" style=""position:relative;""> <a class=""slashpop"" href=""http://twitter.com/home?status=Will+Greek+Finance+Minister+Varoufakis+Support+Cryptocurrency+In+Greece%3F%3A+http%3A%2F%2Fbit.ly%2F1DKclMT""><img src=""http://a.fsdn.com/sd/twitter_icon_large.png""></a> <a class=""slashpop"" href=""http://www.facebook.com/sharer.php?u=http%3A%2F%2Fnews.slashdot.org%2Fstory%2F15%2F02%2F22%2F1453256%2Fwill-greek-finance-minister-varoufakis-support-cryptocurrency-in-greece%3Futm_source%3Dslashdot%26utm_medium%3Dfacebook""><img src=""http://a.fsdn.com/sd/facebook_icon_large.png""></a> <a class=""nobg"" href=""http://plus.google.com/share?url=http://news.slashdot.org/story/15/02/22/1453256/will-greek-finance-minister-varoufakis-support-cryptocurrency-in-greece?utm_source=slashdot&amp;utm_medium=googleplus"" onclick=""javascript:window.open(this.href,'', 'menubar=no,toolbar=no,resizable=yes,scrollbars=yes,height=600,width=600');return false;""><img src=""http://www.gstatic.com/images/icons/gplus-16.png"" alt=""Share on Google+""/></a> </div></p><p><a href=""http://news.slashdot.org/story/15/02/22/1453256/will-greek-finance-minister-varoufakis-support-cryptocurrency-in-greece?utm_source=rss1.0moreanon&amp;utm_medium=feed"">Read more of this story</a> at Slashdot.</p><iframe src=""http://slashdot.org/slashdot-it.pl?op=discuss&amp;id=7000527&amp;smallembed=1"" style=""height: 300px; width: 100%; border: none;""></iframe><img width='1' height='1' src='http://slashdot.feedsportal.com/c/35028/f/647410/s/43abd3fa/sc/24/mf.gif' border='0'/><br clear='all'/><br/><br/><a href=""http://da.feedsportal.com/r/222166394838/u/49/f/647410/c/35028/s/43abd3fa/sc/24/rc/1/rc.htm"" rel=""nofollow""><img src=""http://da.feedsportal.com/r/222166394838/u/49/f/647410/c/35028/s/43abd3fa/sc/24/rc/1/rc.img"" border=""0""/></a><br/><a href=""http://da.feedsportal.com/r/222166394838/u/49/f/647410/c/35028/s/43abd3fa/sc/24/rc/2/rc.htm"" rel=""nofollow""><img src=""http://da.feedsportal.com/r/222166394838/u/49/f/647410/c/35028/s/43abd3fa/sc/24/rc/2/rc.img"" border=""0""/></a><br/><a href=""http://da.feedsportal.com/r/222166394838/u/49/f/647410/c/35028/s/43abd3fa/sc/24/rc/3/rc.htm"" rel=""nofollow""><img src=""http://da.feedsportal.com/r/222166394838/u/49/f/647410/c/35028/s/43abd3fa/sc/24/rc/3/rc.img"" border=""0""/></a><br/><br/><a href=""http://da.feedsportal.com/r/222166394838/u/49/f/647410/c/35028/s/43abd3fa/sc/24/a2.htm""><img src=""http://da.feedsportal.com/r/222166394838/u/49/f/647410/c/35028/s/43abd3fa/sc/24/a2.img"" border=""0""/></a><img width=""1"" height=""1"" src=""http://pi.feedsportal.com/r/222166394838/u/49/f/647410/c/35028/s/43abd3fa/sc/24/a2t.img"" border=""0""/><img src=""//feeds.feedburner.com/~r/Slashdot/slashdot/~4/6rzOHbCFJ_o"" height=""1"" width=""1"" alt=""""/>"
